jozikreuh	2019-10-01 06:54:04	2020-10-04 12:08:23
mojcav1	2019-10-01 10:42:07	2016-08-24 21:20:36
smiljanpurger	2019-10-01 11:51:31	2016-06-15 14:00:07
drustvohudajama	2019-11-06 13:03:29	2015-03-08 19:33:05
free_rtvslo	2019-10-03 23:46:29	2018-02-14 23:00:27
askerc2	2019-10-01 10:59:29	2017-03-16 11:43:33
medeja_7	2019-10-01 18:26:59	2020-12-18 20:09:19
cikibucka	2019-10-02 12:45:55	2016-06-10 10:00:31
slovenijavsrcu		
vanjadolzan	2019-10-01 09:18:04	2019-09-26 22:18:46
milenamilenca	2019-10-01 07:25:12	2019-12-30 14:17:24
dfk01	2019-10-01 09:04:33	2020-07-31 12:07:41
francidonko	2019-10-09 16:21:19	2015-05-22 21:29:28
erikaplaninsec	2019-10-01 06:24:02	2020-12-03 09:53:12
lottas10	2019-10-01 10:14:19	2020-05-14 21:35:02
tradicijaslo	2019-10-01 08:39:03	2019-06-18 04:11:03
larisaco1	2019-10-01 22:12:06	2016-10-14 09:24:23
freewiseguy	2019-10-01 01:23:17	2014-04-10 12:55:28
martinvalic		
bojanskec	2019-10-04 20:23:23	2018-10-08 17:30:10
margu501	2019-10-01 02:57:11	2017-02-14 22:30:24
dkopse	2019-10-01 05:48:17	2020-02-26 11:38:31
branedobnikar	2020-03-04 16:49:10	2015-12-15 06:12:05
m_bostjan	2019-10-01 10:43:33	2014-12-08 12:35:55
spagetyuse	2019-10-01 07:30:09	2016-06-10 10:00:31
cibi45	2020-03-30 08:50:12	2017-02-05 14:11:08
bsrebre	2020-03-26 15:21:59	2016-06-10 10:00:31
leon48303573	2019-10-01 09:14:50	2020-02-19 16:13:02
janezmeznarec	2019-10-01 09:25:22	2020-03-31 12:26:06
jocarules	2019-10-01 09:03:23	2019-11-15 07:36:03
scdtwister	2019-10-01 08:37:39	2020-07-03 16:08:03
hbeladona	2019-10-07 18:32:39	2020-02-01 21:26:59
profesordios	2019-10-02 13:28:43	2019-10-01 14:47:38
nada568352656	2019-10-01 09:14:20	2019-10-01 13:15:42
bojan__bozic	2019-10-01 08:49:04	2019-12-13 21:26:04
pslajnar	2019-10-01 05:36:39	2020-09-17 15:16:36
ostijarej		
mlrezek	2019-10-01 07:41:52	2020-07-18 04:19:57
majdkamajdka		
fra55	2020-01-05 21:27:37	2014-11-07 16:37:49
zvonecadez	2019-10-04 17:51:30	2019-10-01 09:52:34
kogojslavko	2020-04-13 08:38:24	2017-05-16 18:44:43
lajnareu	2019-10-01 05:56:20	2019-01-15 14:12:11
platinis2_selma	2019-10-01 08:10:43	2015-04-18 12:54:29
andrej57134381	2019-12-09 18:32:22	2016-10-10 13:32:10
vfr750f	2020-04-03 19:11:33	2020-04-10 15:02:42
r_rakus	2019-10-01 06:19:45	2019-04-30 20:36:46
gorsekmitja	2020-06-01 20:48:43	2018-05-16 13:35:00
kristjansarac	2020-05-25 05:45:35	2020-09-02 09:34:40
podalpski	2020-04-11 02:32:12	2020-02-27 07:44:37
karantanec	2019-10-01 11:35:54	2015-10-20 09:23:16
alesernecl	2019-10-01 09:01:10	2020-09-20 17:50:22
alenkamajsep	2019-10-01 16:27:53	2016-08-12 01:50:46
regoucjolanda	2019-10-02 07:09:08	2016-02-05 17:03:24
logarmet		
stephenjosephsi	2019-10-02 16:39:23	2019-09-05 20:32:41
janko35349864	2019-10-01 07:12:04	2017-11-28 10:32:33
jolandab88		
matevznovak	2020-09-24 08:53:18	2020-11-10 08:59:00
jozebizjak	2019-10-01 06:39:55	2020-09-18 10:59:51
peterleandrej	2019-10-01 07:26:12	2019-09-30 13:16:07
mgajver	2019-10-01 06:42:46	2019-10-27 21:19:43
sablatnikuros	2019-10-13 13:07:41	2019-07-19 06:20:38
danilograsic		
javniprevoz	2019-10-01 00:36:14	2019-10-01 13:23:45
skolobrinski	2019-10-01 16:07:31	2018-04-06 15:58:52
pskaluc	2019-10-04 07:33:31	2019-10-01 07:07:27
sever_vital		
bernardagrobler	2019-10-01 14:42:23	2017-01-02 12:28:06
martin98766959	2020-08-02 15:25:21	2017-10-26 21:20:27
zasledovalec70	2019-10-01 09:13:00	2020-05-06 21:21:26
neurovirtu	2019-10-01 13:40:53	2018-04-04 00:53:37
dprimoz		
gorjanc_	2019-11-02 17:20:51	2019-02-27 15:22:16
igormedos	2019-10-02 17:37:40	2019-09-05 12:06:08
tomltoml	2019-10-09 12:26:01	2016-08-24 21:50:04
rolander51	2019-10-02 08:45:50	2020-04-04 18:21:18
rafaelusss	2020-04-08 16:26:25	2020-05-19 07:38:08
saturninka1	2019-10-03 19:09:05	2019-10-11 23:55:30
klaznik	2019-11-04 04:29:44	2020-09-24 13:33:34
vladislavbajec	2019-10-04 10:28:17	2020-01-21 17:08:59
all4_one4all	2019-12-04 08:47:24	2020-08-06 15:27:08
ifi_genija	2019-10-01 07:09:04	2014-07-10 20:54:21
povse9	2019-10-01 19:12:43	2020-02-01 10:28:52
desnicarkam	2019-10-01 06:40:24	2019-05-30 09:26:59
karfjolca	2019-10-01 10:36:21	2017-02-05 14:11:08
romanleljak	2019-10-09 16:37:19	2018-07-30 20:41:25
aleskogoj	2020-03-23 13:32:36	2020-10-15 03:42:45
adijostevi	2020-02-07 09:41:20	2019-10-31 13:40:47
bla_blaz	2019-10-01 08:51:26	2016-10-28 22:14:01
1radovedna	2020-03-05 07:23:48	2020-03-19 20:01:43
bizjakselma		
krajnc_martin	2020-01-22 17:16:52	2020-02-27 07:56:28
bojankastern	2019-11-03 10:00:00	2020-04-25 22:19:46
zajecbojan	2019-10-01 17:58:28	2019-11-16 14:20:48
aholoujulien624	2020-10-23 01:13:55	2020-07-24 18:29:01
cvetastepanjan	2019-10-01 20:10:10	2016-06-15 14:00:07
starelaze		
vontanzberg		
pklancar	2020-04-23 12:25:14	2020-04-25 23:22:08
johantraus1	2020-06-15 11:01:21	2017-10-26 21:20:27
dragica12	2019-10-01 09:40:28	2020-05-28 18:07:53
deflasker	2019-11-01 06:42:31	2017-10-02 21:14:33
jozeerce	2019-10-01 12:53:46	2019-10-20 16:26:09
silikalusi	2019-11-17 11:10:35	2018-06-28 19:21:26
rakjernej1	2020-05-03 08:37:50	2018-12-23 05:54:20
mrevlje	2019-10-01 08:59:04	2020-03-03 05:56:43
1234marjan1234	2019-10-01 07:23:28	2016-10-10 13:32:10
slov1ka	2020-06-03 10:08:43	2020-09-02 07:10:06
jurajurecko		
supermravlja		
mporenta	2019-10-01 06:21:27	2019-01-20 05:35:58
vrtowc	2019-10-01 07:28:35	2017-03-04 11:35:19
anjapreglav	2019-10-03 08:49:03	2019-10-23 18:19:16
krrokarr	2019-11-27 11:23:48	2016-04-04 16:17:15
robertsifrer	2019-10-01 03:31:54	2013-08-09 23:05:22
bmk61129757	2019-10-15 18:41:46	2017-10-03 13:21:17
matejvogelsang	2019-10-01 16:47:03	2018-12-23 03:37:36
max970	2019-10-01 09:53:07	2017-02-07 01:19:38
joshua86917561	2019-12-12 16:50:51	2020-02-10 16:11:14
surfon	2019-10-01 00:01:10	2017-08-11 11:05:19
matjazg	2019-10-01 08:15:04	2020-07-23 06:52:20
ra1zmkpyihe4lvm	2020-04-02 06:29:48	2020-11-09 12:16:03
stampiljke		
urbanijam	2019-10-01 14:37:26	2019-10-02 18:17:28
milantravnikar	2019-12-22 14:58:05	2020-03-20 19:14:54
jjolijoli	2019-10-02 12:57:20	2019-05-30 09:26:59
jabukjanezbanan		
cacapuder	2019-10-10 16:59:19	2019-10-11 16:21:14
metkasmole	2019-10-01 06:37:13	2017-02-07 01:36:51
perkobenjamin	2019-10-02 19:51:15	2016-06-13 15:32:07
petervardjan	2019-10-01 11:06:49	2019-10-02 07:10:51
mstrtak	2019-10-01 09:30:03	2019-11-28 19:18:29
nortzdr	2019-10-01 08:56:00	2019-10-03 06:50:27
franchimelrajh	2019-10-01 07:04:58	2019-01-15 14:12:11
qwatebriga	2019-10-12 12:30:15	2017-12-07 19:32:27
zaslovenijo2	2019-10-01 07:05:26	2020-08-15 17:20:31
laurakriznik	2019-10-05 13:15:13	2016-01-18 12:52:04
mirogec65	2019-10-01 12:35:12	2016-05-17 21:00:30
ale90345415	2019-10-01 14:47:58	2019-12-24 17:38:35
katnissdin		
cesenj	2019-10-01 05:26:32	2017-10-21 00:30:43
anjabahzibert	2019-10-03 09:51:27	2016-04-22 11:01:32
enakranjica	2019-10-01 10:21:29	2020-11-10 17:46:29
katarinaurankar	2019-10-02 16:12:26	2016-06-15 14:10:23
gorska_koza	2020-03-15 16:19:26	2020-03-16 13:12:56
mihakrek	2019-10-17 21:33:25	2019-10-08 17:51:33
bojc25	2019-10-10 01:38:44	2019-11-01 21:26:07
radinsilvano	2019-11-04 07:23:38	2018-12-06 14:09:54
petra_jansa	2019-10-01 20:16:46	2012-11-27 20:22:02
pbohinc	2019-10-01 06:32:53	2020-05-19 20:48:04
pelikanftic	2019-10-13 08:47:35	2018-08-05 13:24:49
murimursic	2019-10-01 09:59:42	2020-09-04 12:23:43
fantomski	2019-10-02 20:42:36	2019-10-01 13:23:01
tulipanka18	2019-11-20 05:45:36	2016-11-11 19:26:21
verdenikales	2019-10-03 10:29:15	2011-12-05 12:00:09
pridnap		
matevz007	2019-10-04 16:46:46	2019-11-21 11:05:39
tonecricket	2020-01-28 09:00:05	2020-08-18 21:23:03
marjanpodlogar	2019-10-01 11:12:45	2019-10-17 11:27:32
druzeticiva	2019-10-01 05:23:16	2018-12-23 05:54:20
ferdocrni	2020-04-30 14:46:14	2013-08-09 23:05:22
jirikocica		
kingkob53313520	2020-03-26 01:06:13	2016-10-10 13:32:10
marceugen		
lenartbarat	2019-10-01 07:35:39	2019-10-02 21:24:40
wildduckmb	2019-10-01 14:23:22	2016-06-15 14:00:07
nejansizmu		
sabrinastrnisa	2019-10-01 20:12:22	2017-05-16 18:44:43
majabentura	2019-10-01 01:34:57	2017-05-09 07:50:34
mturjan	2019-10-04 11:35:27	2012-11-27 20:22:02
seba_stjan	2019-10-01 07:36:17	2017-11-25 13:17:29
hrejzi	2019-11-08 17:48:19	2020-03-19 20:01:43
oberxtweet	2019-10-01 00:37:22	2017-05-07 13:42:23
mesojedc	2019-10-02 20:37:14	2019-07-22 10:06:57
jan_gerben	2019-10-09 20:48:39	2019-05-25 16:25:14
gk_slo_eu	2019-10-01 06:23:07	2019-09-11 15:15:31
florijankopac	2020-03-17 17:05:14	2020-02-11 17:28:43
1nekorektna	2019-10-01 06:51:18	2018-10-10 06:12:26
lbna69	2019-10-01 00:38:37	2016-06-13 15:32:07
spusnar	2020-10-07 18:24:57	2020-01-19 14:42:16
didigator321	2019-10-01 10:52:51	2019-05-22 22:24:26
tzdenko	2019-10-01 07:08:38	2012-07-07 13:00:36
zaki83518840	2020-03-26 17:01:19	2020-03-24 11:28:03
bojansimm	2019-10-01 09:00:15	2020-01-11 17:01:11
om12934256	2019-10-21 10:41:20	2019-10-17 20:42:27
antonpeinkiher	2019-10-01 09:49:54	2020-12-18 15:41:05
balanticmatjaz	2020-06-27 20:36:29	2019-02-02 16:38:10
goranbracic	2019-10-02 01:34:27	2019-09-30 09:46:07
andri211985		
ena_sonia	2019-10-02 14:21:36	2019-10-04 22:01:15
aleksandraukmar	2020-03-21 08:45:04	2020-11-23 07:50:50
ninalogar4	2019-10-10 17:02:50	2019-10-08 17:51:33
jstdu	2020-04-01 16:23:08	2020-03-31 11:30:03
lapajne_milan	2020-05-09 16:55:33	2020-10-17 00:18:10
pd1969	2020-04-25 10:14:16	2020-02-18 20:45:48
sd_hater		
vojenotfake	2019-10-01 12:10:39	2019-01-29 08:47:54
mihaljubljana	2020-02-02 20:30:03	2019-10-01 04:50:45
tik_lev	2020-01-23 13:59:21	2018-10-15 11:41:05
lukecc1982	2020-04-05 00:14:03	2020-03-21 22:13:20
plp65950511		
albert_skvarca	2020-06-04 10:21:58	2020-03-11 10:57:22
majdama68397788	2019-10-17 01:59:38	2019-11-03 10:31:05
rregouc	2019-12-25 13:27:39	2016-10-10 13:32:10
simona74706278		
igorzavrsnik	2019-10-01 13:58:49	2016-05-17 18:19:00
mirko42203799	2020-10-03 10:18:51	2020-10-03 10:07:48
robertkase1	2019-10-01 08:56:10	2020-04-29 06:43:12
aleslovenia		
danamon1	2019-10-08 22:44:32	2018-05-27 23:38:59
nip44258070	2019-10-01 07:06:23	2020-05-26 06:58:57
traditioeu	2019-12-14 16:17:06	2019-12-14 18:23:37
hjoze	2019-11-28 22:17:25	2019-11-22 16:20:01
rtztim	2019-10-11 12:32:29	2017-02-07 01:19:38
sreckobogataj		
webermateja	2019-10-01 12:48:49	2020-06-12 22:30:57
klemennn	2019-10-01 22:37:42	2019-10-12 14:21:38
rozmarin33	2020-03-22 07:23:21	2019-10-06 07:05:28
nadkaku	2019-10-01 07:54:38	2020-05-11 12:31:54
ribictine	2019-10-02 08:34:27	2019-02-09 11:40:08
evairgll	2019-10-03 19:42:04	2019-06-27 15:29:14
jalen_vita	2019-10-03 18:30:38	2018-08-29 11:09:57
schweigerb1	2020-05-01 09:45:53	2015-04-23 15:09:06
jkranjcan	2019-11-23 11:06:41	2020-11-03 15:44:59
fkindlhofer	2019-10-07 19:15:59	2019-10-27 08:41:34
drutvostanisla1		
ivan151045871	2019-10-19 16:28:38	2017-02-01 18:07:22
gorazdskorjanec	2019-10-01 06:24:43	2020-06-28 13:04:44
bogjak	2019-10-01 06:16:00	2017-08-12 04:22:36
gofla8	2020-04-02 12:34:41	2019-10-07 09:59:58
slovenijo		
stepi777	2019-10-01 06:53:04	2018-03-19 14:38:12
edohabe	2019-10-01 09:31:13	2019-12-06 01:26:26
simon_kuzma	2019-10-01 14:23:54	2019-10-01 00:17:20
mojca2015	2019-12-15 16:54:11	2020-04-24 17:56:18
bsentjurc	2019-10-13 09:16:21	2020-04-15 22:11:47
bezjakmilan	2020-02-29 13:14:37	2019-06-13 07:12:08
benjaminnatanja	2019-10-01 12:10:29	2018-05-17 07:49:20
zdruzenadesnica		
gasperzorman		
markomarejev	2019-11-06 20:02:41	2018-11-26 01:34:18
navadninimda	2019-10-01 09:16:50	2020-03-31 08:48:32
srancov2		
kalisekmoni	2019-10-01 18:00:19	2019-10-22 12:38:15
edvardkadic	2019-10-01 09:00:07	2020-05-10 06:42:34
oponasalec	2020-01-27 22:14:29	2020-03-13 23:11:48
fpecnik01	2019-10-02 14:11:55	2019-10-28 11:18:59
ajnat21448736	2019-11-23 06:57:31	2019-11-23 12:25:29
thorsteinarxiii	2019-10-22 03:29:57	2019-06-13 07:12:08
franc10324360		
vanegosnik	2019-10-01 13:54:57	2019-06-22 22:06:41
brunovidmar	2019-10-01 17:42:46	2019-03-21 09:58:11
milakuki27	2019-10-13 14:45:26	2016-05-17 21:00:30
tonefels	2020-01-22 07:38:26	2017-05-05 21:20:14
oglasimlin		
zanimiva		
ziebane		
m_stular	2020-07-16 18:29:25	2020-08-05 13:45:06
tomazperkovic		
zgaokorn	2019-10-01 10:45:04	2019-10-04 19:49:42
valy434781881	2020-04-02 09:50:39	2020-03-29 12:06:29
novicmarjana	2019-10-02 07:45:32	2017-10-03 13:57:22
janezpuca		
werewolf1565		
borutpresnik	2020-02-08 12:12:25	2019-10-08 17:51:33
stefantibaut	2020-05-14 19:12:15	2020-07-03 20:47:16
jakob55555	2019-10-16 13:39:21	2018-02-10 11:46:33
dejankresnik	2019-10-03 16:27:53	2019-10-01 08:47:45
andrej_fran	2019-10-01 16:42:01	2018-12-23 05:54:20
velikovec	2019-10-08 17:26:53	2017-05-16 18:44:43
dolinarjr	2020-10-28 09:15:35	2017-05-12 21:51:38
mspiler		
primozlampic2		
gkozjak	2019-10-01 19:47:52	2017-06-10 17:05:02
viktor_viktorh		
ninohrast	2020-04-29 12:38:24	2018-06-19 23:09:40
koronavirus_slo	2020-03-10 07:40:46	2020-03-12 14:45:10
cebelica29	2020-03-20 07:48:42	2017-06-10 09:07:50
tkogovsek	2019-10-01 16:32:34	2019-02-01 07:45:18
jozeplut	2019-10-04 13:35:06	2019-10-01 07:34:06
vinkovasle1	2019-10-01 01:01:38	2016-06-10 10:00:31
ijanko55		
m_smiljan	2019-10-01 08:03:49	2019-09-30 19:19:56
janko44516406	2020-04-06 08:09:16	2018-02-14 23:07:20
casnik	2019-10-02 16:01:49	2020-02-09 19:59:12
roznivenec	2020-03-21 14:28:10	2020-10-05 07:48:40
bite84303401	2019-10-27 18:19:41	2018-05-26 09:09:04
grsgmi	2019-10-01 08:01:49	2016-08-24 21:20:36
andrejasan	2019-12-21 10:23:25	2019-10-01 18:17:09
iristimrolih	2019-10-08 21:12:07	2019-10-03 12:53:14
gantar_matej	2019-10-09 22:14:51	2018-01-12 20:07:34
katarinamlakar		
frenkmate	2019-10-01 09:29:41	2016-09-06 17:03:23
bogdansajovic	2019-10-07 14:22:44	2015-11-24 22:50:10
miroz_z	2020-04-04 17:17:04	2017-06-08 18:36:50
indijanec	2019-10-01 08:37:22	2020-05-17 10:44:41
dusanhocevar	2019-10-23 13:27:14	2019-10-01 08:00:18
nimivseeno	2019-10-01 20:43:14	2019-06-27 15:29:14
peterklepec9	2020-12-30 12:37:06	2020-10-05 21:45:12
kjaklic	2019-10-14 15:00:35	2019-12-19 16:17:07
caplcapinski	2020-12-24 12:42:04	2020-10-27 14:24:17
ag_anton	2019-10-01 17:20:30	2018-03-20 04:05:23
stanislav2158		
florijanapaljk	2019-12-14 11:15:55	2019-11-04 09:27:10
jaffa87808995	2020-06-16 16:18:43	2020-10-15 14:06:54
vozovnice	2019-10-23 17:21:42	2019-10-02 14:28:52
igorgobec	2019-10-04 13:55:41	2019-10-04 06:37:01
vidakocjan	2019-10-01 05:32:16	2019-10-01 07:54:38
panter26890098	2019-12-07 15:48:24	2018-08-05 11:15:38
folijaman		
mazzi68	2019-10-01 11:55:12	2019-09-16 21:27:02
alethea48055653	2020-02-11 22:23:13	2020-01-17 05:13:17
wika177678415	2019-10-02 13:17:00	2017-06-12 21:35:57
tomazmurn		
bojanabah	2019-10-07 21:27:58	2018-10-01 01:15:02
petraskrinjar	2020-03-08 17:38:24	2019-11-28 18:01:54
luishorvat	2019-10-01 19:19:38	2017-02-01 18:07:22
sergijvermiglio		
viktorpucer		
david70446655		
prgadp	2019-10-02 13:31:05	2016-11-07 09:27:20
andrej14245104	2020-01-28 10:06:00	2017-10-26 21:20:27
kalofat	2019-10-02 11:15:28	2018-11-23 15:37:08
oscarstarejsi		
lolekthegreat	2019-10-01 01:25:14	2018-11-09 23:39:44
iztok07238131	2020-03-09 17:21:27	2017-06-27 09:12:31
dmezeg	2020-02-19 20:57:17	2020-02-26 10:24:58
miha84304756	2019-10-01 00:36:29	2020-05-11 14:23:50
mitja40417388	2020-04-30 22:01:44	2016-10-10 13:32:10
marko_sket	2019-10-31 12:23:26	2018-02-25 20:28:56
indigob87654217	2020-04-28 17:38:45	2017-06-27 09:12:31
nastjatrajkovic		
rkrizaj	2020-04-05 18:33:50	2017-06-27 09:12:31
stanislav20v17k		
ivankrzisnik		
dominikcevka	2019-10-01 06:11:31	2019-10-18 21:58:25
blazbabic	2019-10-03 16:19:00	2019-07-21 21:06:09
juventinoslo	2019-10-03 14:20:39	2014-06-08 17:13:19
drmator	2019-10-01 06:14:54	2019-02-27 10:24:14
sindicic	2019-10-01 17:38:41	2019-09-30 17:58:06
cirilmenart	2019-10-08 06:19:21	2016-06-15 14:10:23
marko63705437	2020-07-15 17:51:05	2020-11-10 18:38:52
markofratnik	2020-10-12 10:30:51	2020-10-15 19:38:59
zelenavas		
tadejaii	2019-11-21 21:43:25	2019-09-30 18:52:22
robi66102616	2020-06-10 20:07:26	2014-10-18 18:48:12
glaszaotroke		
krpanmeister	2019-10-02 17:39:33	2019-10-04 01:57:58
ziviinzivi	2020-11-30 18:44:56	2020-11-30 10:21:52
andrazh	2019-10-03 19:36:07	2019-07-02 15:17:37
bogdanstopinsek	2019-10-10 08:43:45	2019-10-01 13:23:13
machiavelli_si	2019-10-01 15:43:27	2019-07-19 04:29:00
smlakar1	2019-10-16 10:08:10	2019-10-01 08:56:26
sumandreja	2019-10-01 06:10:57	2017-12-06 23:24:37
ljutrinki	2019-10-06 19:05:16	2019-10-02 15:28:58
alesbone	2019-10-01 15:46:39	2018-11-16 17:37:57
majdakravanja	2020-02-03 21:30:57	2020-02-03 12:31:01
krek_janja	2019-11-14 20:28:48	2019-10-26 11:03:10
franoisegisle18		
borikur	2019-11-06 09:13:19	2019-05-01 19:40:02
fotografporocni		
stekslc	2020-01-23 12:48:48	2020-02-23 16:13:54
stezinardrago	2019-10-02 17:44:45	2019-04-21 22:25:16
ivan_petek		
andrej43735439	2020-01-22 10:57:21	2016-06-17 17:14:59
mareandi	2019-10-01 16:24:17	2017-06-12 21:35:57
zcernac	2019-10-02 08:19:35	2018-10-08 22:26:37
bacakklemen	2020-05-15 06:26:32	2014-07-08 02:00:42
joe30145467	2020-02-27 11:56:08	2020-02-27 08:50:49
shadz9687	2019-10-06 09:30:00	2020-03-14 17:30:56
domenj1	2019-10-18 13:18:18	2018-04-11 16:14:11
mihakapelj	2019-10-17 20:28:31	2019-10-01 11:44:46
spartac39906313		
binetraven	2019-10-01 07:24:14	2019-12-10 12:19:38
blogslovenija	2019-10-01 04:40:43	2020-08-29 22:06:53
stanko0000	2019-10-02 16:46:09	2020-06-28 11:03:50
kapitolslovenia	2019-10-03 16:33:37	2019-10-08 10:53:34
travel_slovenia		
petrasa1	2019-10-01 10:47:29	2020-05-29 18:33:05
besnipenzioner		
golob_katarina	2019-12-10 17:47:31	2018-11-18 20:10:24
simonkotnik1	2019-10-02 12:53:33	2019-10-17 18:22:49
stanemmsp	2020-05-02 23:05:32	2020-05-05 21:29:00
mojsterjaka7	2019-10-05 16:46:58	2020-01-16 06:55:44
andrejhoivik	2019-10-02 06:54:44	2019-09-27 22:59:36
martintincek	2019-10-22 19:42:31	2016-06-10 10:00:31
spaninger_saso	2020-02-18 19:30:29	2020-02-20 20:44:06
lenaradczik	2020-06-03 12:11:43	2020-06-03 10:55:50
vojsko_na_mejo	2019-10-01 18:33:25	2016-08-24 20:39:52
ts30040393	2020-03-25 15:34:05	2018-12-14 19:24:29
kekecstanislav		
vagaja_boris	2019-10-02 21:41:32	2020-06-21 19:11:20
marjetadolinar	2019-10-16 15:47:38	2019-03-05 05:57:40
karolinasemjaz	2019-10-01 10:39:16	2019-09-30 12:59:52
bronhio	2019-10-04 17:04:44	2019-08-23 16:49:23
baskodog	2020-04-27 18:44:11	2020-10-28 04:16:01
pika_so	2019-10-01 11:04:55	2016-10-10 13:32:10
ostanekatarina	2019-10-10 17:30:39	2019-10-10 16:53:07
alfonskracek	2019-11-10 19:30:09	2020-03-10 22:38:50
slavko01760166		
mikropolo	2019-10-01 10:30:13	2019-10-09 11:47:52
petic_ranko	2020-02-03 21:48:33	2019-09-13 10:07:24
binka1629	2020-02-11 17:47:17	2020-02-11 07:19:36
julijaceh	2020-01-01 14:01:16	2017-04-03 03:16:46
markovicmircko	2020-03-21 13:53:56	2020-09-27 22:54:39
divnaerzen	2019-10-01 10:24:41	2019-10-16 14:39:14
ep_slovenija	2019-10-01 17:12:22	2020-03-31 19:35:42
fliserb	2019-10-01 08:45:11	2019-12-01 21:19:22
gorencirena	2019-10-01 08:54:36	2016-01-18 12:52:04
marjan34579144	2020-02-17 15:20:37	2016-06-10 10:00:31
mitjasterman	2019-10-08 19:55:15	2019-10-04 10:37:22
richiekis	2019-10-01 10:11:43	2020-05-30 18:35:46
android1706	2019-12-15 21:25:58	2019-12-11 18:17:27
jojoangel1311	2019-10-01 10:46:04	2018-05-23 20:00:09
rubenmoraster	2019-10-07 22:38:13	2018-12-12 23:30:23
enabesna	2020-07-09 14:33:01	2019-12-01 01:00:45
reform_si	2019-10-01 05:49:15	2020-05-10 11:15:25
suzanagruden	2019-10-10 17:36:42	2019-11-01 08:26:35
anitaninikoli	2019-10-01 09:13:33	2016-06-15 14:10:23
mcanzutti		
1705mm		
jure_langus		
osa37494247	2020-09-08 08:05:03	2020-10-15 16:30:38
prisank9	2019-10-04 15:16:54	2017-07-27 08:30:06
trinity126	2019-10-11 12:10:31	2020-03-11 10:57:22
damjantomsic	2019-10-01 11:51:49	2020-02-20 20:08:22
bojan78726142	2020-07-29 16:30:51	2020-07-29 11:54:29
vladohribar	2019-10-01 17:04:33	2015-06-27 13:27:28
voranc5	2020-04-14 17:23:23	2015-10-03 08:48:15
slo_84	2019-10-07 20:24:36	2019-10-01 10:05:02
petrasotlar		
tvitkoretvitko	2019-10-02 20:48:07	2019-12-01 07:08:35
stanisl15592752	2019-10-01 06:11:05	2019-12-03 18:28:53
angry_greta	2020-02-05 16:03:22	2020-02-09 01:51:31
p13892		
kaja_sumer	2019-10-01 09:08:59	2019-04-16 09:36:49
aleksanderlesk3	2020-02-22 01:08:03	2018-09-05 21:44:35
miharosa79	2019-10-01 04:16:01	2017-04-13 11:44:59
andrejandrejc	2019-10-05 23:05:46	2019-05-13 20:55:42
slovenian_memes		
majda_strmol		
peterb15823940	2020-06-26 14:24:17	2020-06-25 19:50:48
alesjensterle	2020-02-14 06:30:12	2017-03-03 17:39:16
preseren_f	2020-03-08 08:07:59	2020-10-02 14:50:25
rupnikfranci	2019-12-12 21:30:46	2017-11-22 08:13:24
krasevec10	2019-10-02 19:14:00	2017-10-07 23:59:55
v4report	2019-10-01 03:20:12	2020-05-20 13:30:26
anja8_8	2019-10-02 17:32:46	2019-09-30 14:06:48
on5smiles	2019-10-12 19:48:21	2019-10-09 20:16:28
bstrnisa	2019-11-03 10:20:36	2017-10-26 21:20:27
sdmlju	2019-10-01 08:14:26	2019-09-30 14:06:48
orbankoloman		
janezk40	2019-10-04 21:19:44	2019-10-06 15:07:02
kocicat	2019-10-10 09:07:09	2019-10-09 16:19:31
slavkoarh8	2019-10-01 00:20:30	2018-08-30 11:34:24
angela24547982	2020-02-08 19:10:37	2020-01-15 22:57:38
milanpiler2	2020-01-08 15:34:56	2016-11-01 11:03:28
mellorsbaskovic	2019-11-10 15:04:13	2020-03-12 08:32:55
jahton	2019-10-01 08:10:57	2019-09-10 21:21:14
mesecb	2019-10-02 05:55:49	2019-10-02 07:35:36
jozejos	2019-10-02 01:42:27	2016-05-17 18:19:00
mimika788		
lovrostanovnik	2020-03-13 11:08:20	2020-03-10 09:11:31
metod39412552		
osebnihoroskop	2019-10-01 07:20:50	2020-09-29 06:15:23
tolemamo	2019-10-01 09:53:13	2020-02-06 23:42:00
madmslo	2019-10-01 08:25:46	2020-07-20 18:46:43
markosket	2019-10-01 06:47:01	2016-12-16 19:26:25
cernigoj_andrej	2019-10-02 12:35:07	2020-01-14 17:43:59
grudend	2019-10-02 17:45:51	2016-04-14 09:17:40
freud1107	2020-01-05 20:28:40	2020-01-26 05:52:44
sds_ljubljana	2019-10-02 14:04:52	2019-10-02 17:43:53
danilo3been	2019-10-10 23:33:26	2018-01-02 23:56:30
slavc7	2019-11-10 08:26:20	2019-12-09 07:02:33
jjansasds	2019-10-01 09:38:11	2017-06-27 09:12:31
tatjanamiku	2020-04-12 17:05:17	2019-01-21 12:19:41
jforsek	2019-10-02 10:38:01	2015-01-30 12:28:43
rose_bayern		
jspcom	2019-12-03 20:24:56	2017-06-27 09:12:31
klavdijm	2019-10-02 01:25:30	2019-10-12 16:03:00
zoranbozic5	2019-10-12 23:13:34	2020-04-16 10:36:03
wolfg1985		
yronladi	2019-12-28 07:13:37	2019-04-23 03:25:24
augustinirena	2020-11-29 14:16:26	2020-10-14 08:44:23
silvabrodar	2020-03-27 16:08:22	2013-03-30 14:57:55
androkomo	2019-12-12 20:44:10	2019-10-11 15:46:41
za1svlo		
zanzelc	2020-01-18 19:10:26	2019-07-31 21:12:28
boris67601084	2020-03-28 12:26:31	2020-08-14 08:22:33
dartanjan2	2019-10-02 18:52:40	2019-10-03 14:19:51
metka2014		
wildpig12	2019-12-14 16:46:04	2019-02-27 13:20:16
ljubicaljuba1	2019-10-07 22:45:52	2020-01-14 15:56:30
bprahor	2019-10-07 13:04:22	2020-04-21 11:52:04
atbeatris	2019-10-01 10:37:02	2020-08-29 21:32:12
brane49s	2019-10-01 14:15:38	2019-12-10 09:46:18
strankanls	2019-12-03 08:54:12	2019-10-03 07:16:41
silvomalek	2019-10-01 16:57:13	2019-11-01 17:07:42
valentanseb	2019-10-01 13:18:22	2019-10-01 04:00:02
