LeonMerjasec	2011-10-17 19:42:20
JaniModern	2012-03-17 15:50:37
AlexRebersek	2012-04-05 12:55:36
jozefhorvat	2008-08-26 13:05:43
VojkoStarovic	2014-06-24 18:37:21
ZmagoPlemeniti	2016-12-23 08:42:55
LenartJoze	2018-12-26 18:16:52
KDanijel	2011-10-20 13:09:53
ANJABAHZIBERT	2011-10-11 15:11:58
DoblekarBoris	2010-06-17 06:21:26
EvaIrglL	2013-08-31 07:43:01
DKaloh	2011-09-13 16:11:44
lepsimenko	2014-05-19 12:29:56
PojbicMarijan	2011-10-11 09:38:58
TankoJoze	2013-09-06 08:42:06
Karmen_Furman	2017-04-22 20:30:33
TomazLisec	2011-10-14 13:15:51
b_podkrajsek	2014-07-02 08:14:29
Franc_Rosec	2014-06-24 20:32:46
NadaBrinovsek	2015-07-07 13:54:38
BrankoGrims1	2011-10-20 19:01:32
AlenkaJerajSDS	2013-08-31 07:24:01
MPogacnik	2011-11-04 09:10:47
BranGolubovic	2017-05-15 08:06:47
IgorPecek	2018-07-30 07:24:07
EdvardPaulic	2018-07-30 07:51:33
Je_rca	2018-02-25 18:50:20
AndrejaZabret	2018-04-27 08:17:41
LidijaDM	2018-07-18 08:02:17
KovacicAljaz	2015-09-02 15:56:22
MarkoKoprivc	2020-04-09 13:57:20
JaniPrednik	2009-12-02 10:43:16
Soniboj1	2019-12-24 13:17:38
BMursic	2014-07-27 11:53:33
ZidanDejan	2017-01-14 19:36:28
GregorPeric	2013-12-11 14:21:10
JanjaSl	2014-06-27 16:43:18
IgorZorcic	2014-08-03 07:58:41
Bane_Rajic	2016-10-10 19:32:19
Mojca1a	2017-04-07 17:15:45
IvanHrsak	2011-11-13 20:03:22
Matej_T_Vatovec	2012-07-08 10:38:22
LukaMesec	2012-01-23 17:32:06
PRSiter	2011-10-18 12:02:12
bukeff	2018-04-12 22:16:27
MatjaNemec	2012-05-22 12:17:43
udovcmateja	2018-04-12 14:14:09
blazpavlin	2011-10-29 20:04:30
mgregorcic	2011-10-11 18:22:57
MasaKociper	2014-06-23 08:42:09
BandelliMarko	2019-01-05 20:35:07
IvanusaLidija	2019-12-19 08:02:23
SustarTadeja	2014-03-03 11:51:10
sarecmarjan	2010-09-02 11:28:42
mojcaskrinjar	2011-10-23 19:00:39
Rudi_Medved	2010-05-12 10:41:31
ElenaUsaj	2020-09-18 21:42:37
LjuboZnidar	2013-08-30 11:05:17
cernigoj_andrej	2009-03-17 17:52:01
JureFerjan	2011-10-29 22:29:28
prebil_nik	2020-04-23 09:08:16
FrancBreznikSDS	2013-08-30 10:26:39
JJansaSDS	2011-02-28 17:10:49
drVinkoGorenak	2011-09-25 10:53:22
ZanMahnic	2011-08-12 21:54:45
jelka_godec	2011-03-17 09:11:33
PeterSuhel	2009-02-09 06:24:45
MatejTonin	2018-02-01 16:45:35
LampretUros	2011-07-24 15:18:18
jciglerkralj	2013-05-29 19:18:27
ASircelj	2011-09-14 20:04:10
PocivalsekZ	2018-01-05 08:16:15
zajc_si	2012-06-07 21:41:57
DrKustec	2020-03-17 11:32:05
JernejVrtovec	2009-12-26 16:26:42
BKosorok	2014-04-26 01:35:45
AlesMihelic	2017-02-25 12:40:16
BostjanKoritnik	2013-12-29 08:48:05
PGersak	2015-12-02 15:21:08
APivec	2011-11-22 21:55:53
aleshojs	2012-02-17 08:34:06
KanglerFranc	2010-07-20 19:58:39
dr_Olaj	2012-12-25 21:23:15
tomazgantar	2020-03-16 20:54:17
ZlatkoRatej	2012-08-13 12:41:34
AnzeLog	2011-10-21 20:28:56
TKajzer	2012-01-09 20:42:13
24ur_com	2009-05-21 11:48:29
AAcemace	2019-07-23 16:09:52
AJezersek	2018-06-04 20:03:12
AndrejaMarkoja	2012-07-27 05:14:56
avathomas20	2014-02-12 07:58:11
AvtomagazinSi	2010-06-09 11:08:25
backo007	2011-04-13 18:01:02
Bicikelcom	2009-06-15 07:14:47
blatusi	2018-08-11 11:00:42
BlazUmek	2012-05-11 12:56:16
borutk9191	2011-01-25 13:38:45
BraneM	2009-01-10 13:01:52
civkaci66	2018-04-08 19:33:51
cosmopolitansi	2010-01-15 10:16:55
dbbonjovi	2011-08-31 13:16:08
DejanSarka	2011-10-02 15:26:05
RRegouc	2012-10-16 07:29:16
IgorZavrsnik	2014-06-26 14:46:34
Mirko42203799	2020-10-01 16:56:12
RobertKase1	2016-04-23 03:17:15
Aleslovenia	2018-05-01 13:19:27
danamon1	2009-03-27 16:12:42
NIP44258070	2018-03-04 07:43:38
Traditioeu	2018-04-30 19:00:48
HJoze	2012-01-11 09:19:33
rtztim	2012-02-22 21:22:08
sreckobogataj	2018-10-14 17:40:16
WeberMateja	2019-07-15 07:51:17
klemennn	2018-05-05 07:06:43
Rozmarin33	2017-08-15 09:46:50
nadkaku	2016-01-24 19:37:08
RibicTine	2018-05-09 14:11:19
EvaIrglL	2013-08-31 07:43:01
jalen_vita	2017-09-26 17:07:14
SchweigerB1	2020-04-26 15:58:14
JKranjcan	2019-08-23 16:58:55
FKindlhofer	2015-12-02 11:21:27
DRUTVOSTANISLA1	2020-06-26 14:56:55
Ivan151045871	2019-10-19 06:39:01
GorazdSkorjanec	2019-08-18 09:25:34
bogjak	2012-11-26 19:42:28
gofla8	2020-04-01 13:46:09
slovenijo	2020-09-10 05:39:35
Stepi777	2010-07-30 20:00:10
EdoHabe	2016-12-30 14:28:11
simon_kuzma	2012-11-22 23:32:30
mojca2015	2015-02-11 13:36:20
BSentjurc	2014-07-29 16:12:47
BezjakMilan	2020-02-29 07:30:52
BenjaminNatanja	2016-11-24 13:16:33
ZdruzenaDesnica	2018-02-21 21:14:31
GasperZorman	2011-02-10 23:15:20
MarkoMarejev	2016-04-04 18:20:04
NavadniNimda	2011-05-24 15:47:47
Srancov2	2019-06-30 21:05:34
KalisekMoni	2017-08-14 15:01:55
edvardkadic	2009-01-12 09:36:16
oponasalec	2020-01-20 16:15:36
fpecnik01	2014-04-12 07:15:32
Ajnat21448736	2019-11-21 08:42:50
ThorSteinarXIII	2010-01-19 15:07:58
Franc10324360	2016-11-13 20:03:14
VaneGosnik	2011-09-18 13:16:17
BrunoVidmar	2012-01-10 17:04:33
MilaKuki27	2017-06-20 18:47:28
Tonefels	2009-07-07 11:03:07
OglasiMlin	2018-06-02 11:24:17
zanimiva	2014-12-08 08:06:22
m_stular	2013-03-08 17:04:15
tomazperkovic	2020-07-02 10:07:33
ZgaOkorn	2013-03-05 13:42:26
valy434781881	2020-03-17 07:49:49
NovicMarjana	2015-12-04 13:47:44
janezpuca	2019-03-02 17:10:24
Werewolf1565	2020-05-30 08:53:58
borutpresnik	2017-10-14 14:43:47
StefanTibaut	2020-04-27 20:42:12
jakob55555	2014-01-10 19:22:42
DejanKresnik	2014-06-18 09:06:59
Andrej_Fran	2011-11-15 08:47:52
velikovec	2019-07-15 19:29:42
DolinarJr	2020-10-27 18:33:45
MSpiler	2015-02-23 11:11:05
primozlampic2	2018-04-20 20:46:34
GKozjak	2019-05-14 10:14:29
viktor_viktorh	2014-08-06 07:25:11
NinoHrast	2020-04-29 09:16:47
Koronavirus_slo	2020-03-10 06:23:26
cebelica29	2018-06-07 20:33:18
TKogovsek	2017-01-27 14:19:55
JozePlut	2013-01-21 14:43:04
vinkovasle1	2012-01-09 19:38:58
ijanko55	2012-11-03 16:35:36
m_smiljan	2017-12-25 14:16:46
Janko44516406	2020-04-06 04:35:35
Casnik	2010-05-11 13:22:39
RozniVenec	2014-06-25 20:01:31
Bite84303401	2018-03-29 22:39:15
GrSgmi	2015-11-20 07:40:25
AndrejaSan	2019-05-13 19:53:55
iristimrolih	2015-02-12 22:36:01
gantar_matej	2017-09-10 18:31:16
KatarinaMlakar	2019-01-11 15:25:38
FrenkMate	2017-01-14 10:14:05
BogdanSajovic	2017-09-26 13:50:56
miroz_z	2020-04-04 15:07:40
indijanec	2009-10-27 15:40:01
DusanHocevar	2011-11-10 22:17:44
nimivseeno	2014-11-07 15:22:35
PeterKlepec9	2020-02-22 16:12:31
kjaklic	2011-10-15 14:56:34
caplcapinski	2016-01-03 20:59:23
ag_anton	2011-07-04 21:21:05
STANISLAV2158	2017-11-27 12:52:48
FlorijanaPaljk	2012-08-06 19:03:34
Jaffa87808995	2019-06-05 18:00:30
Vozovnice	2016-10-31 10:36:38
IgorGobec	2018-01-09 14:20:31
VidaKocjan	2012-01-10 19:02:10
panter26890098	2018-08-02 23:19:54
folijaman	2013-12-04 10:48:36
mazzi68	2012-09-05 13:46:42
Alethea48055653	2019-04-04 14:45:20
Wika177678415	2018-08-14 11:05:15
TomazMurn	2015-02-16 19:17:09
BojanaBah	2013-07-28 14:23:28
PetraSkrinjar	2012-08-19 18:40:22
LuisHorvat	2019-03-31 03:17:45
ViktorPucer	2017-07-31 11:36:46
David70446655	2018-01-20 20:30:57
prgadp	2012-01-06 19:25:31
Andrej14245104	2020-01-27 17:24:01
Kalofat	2015-07-29 17:57:54
oscarstarejsi	2015-08-18 20:00:06
Iztok07238131	2018-12-12 16:09:39
DMezeg	2016-11-18 12:35:47
Miha84304756	2019-06-19 16:38:19
Mitja40417388	2020-03-12 21:41:28
Marko_Sket	2017-03-31 08:30:02
IndigoB87654217	2020-04-28 13:48:37
nastjatrajkovic	2018-05-09 17:20:54
RKrizaj	2020-04-05 16:01:29
STANISLAV20V17K	2016-12-26 18:10:35
IvanKrzisnik	2012-12-22 20:06:57
DominikCevka	2011-09-28 20:23:22
BlazBabic	2019-04-25 07:22:55
JuventinoSLO	2012-05-26 10:10:30
DrMatoR	2011-12-16 23:02:17
Sindicic	2009-06-18 08:24:22
cirilmenart	2013-09-19 19:13:07
Marko63705437	2020-05-06 07:57:38
MarkoFratnik	2014-02-07 13:31:35
ZelenaVas	2016-02-04 13:55:50
TadejaII	2018-04-24 21:53:28
Robi66102616	2020-04-28 20:10:50
GlasZaOtroke	2017-03-24 22:12:34
krpanmeister	2012-12-12 20:46:57
ziviinzivi	2016-04-07 07:22:17
andrazh	2009-04-30 12:21:06
BogdanStopinsek	2012-12-24 14:48:41
Machiavelli_si	2011-03-17 16:52:35
SMlakar1	2017-12-28 03:42:26
SumAndreja	2016-01-01 16:50:21
LjUtrinki	2017-12-01 07:37:11
AlesBone	2018-08-02 19:07:25
MajdaKravanja	2018-05-08 12:11:37
krek_janja	2017-10-14 14:25:28
FranoiseGisle18	2020-04-22 21:02:05
borikur	2018-01-30 11:20:59
FotografPorocni	2017-08-14 12:47:28
stekslc	2014-04-11 06:43:06
StezinarDrago	2018-02-04 18:58:37
Andrej43735439	2018-06-25 15:01:54
MareAndi	2014-07-02 15:13:35
ZCernac	2011-10-28 10:11:27
BacakKlemen	2020-05-14 19:19:29
joe30145467	2020-02-26 13:43:37
shadz9687	2018-09-09 04:54:23
DomenJ1	2018-12-12 15:29:03
MihaKapelj	2017-09-29 16:24:28
Spartac39906313	2019-01-16 14:40:34
BineTraven	2013-07-19 05:17:24
BlogSlovenija	2011-07-05 20:08:26
stanko0000	2011-03-06 08:10:01
KapitolSlovenia	2016-09-08 10:39:07
travel_slovenia	2015-02-04 21:43:28
Petrasa1	2011-07-18 20:34:22
golob_katarina	2019-12-10 13:21:51
SimonKotnik1	2012-11-24 13:23:11
StaneMMSP	2020-05-02 20:17:14
MojsterJaka7	2017-11-09 16:02:16
andrejhoivik	2010-02-27 11:56:54
MartinTincek	2013-01-02 15:44:25
spaninger_saso	2018-04-25 09:44:46
lenaradczik	2020-06-02 22:25:26
Vojsko_na_mejo	2019-04-24 10:24:56
TS30040393	2020-03-15 09:18:01
KekecStanislav	2016-06-23 06:06:29
vagaja_boris	2015-03-01 21:10:45
marjetadolinar	2013-08-02 20:27:45
KarolinaSemJaz	2018-05-04 07:49:30
BronhiO	2018-08-13 15:47:05
Baskodog	2016-10-30 11:40:02
Pika_So	2011-09-15 12:21:35
ostanekatarina	2017-06-05 21:08:22
alfonskracek	2012-02-24 20:50:17
Slavko01760166	2018-08-12 18:52:41
MikroPolo	2012-08-22 01:58:41
petic_ranko	2017-04-25 20:50:56
binka1629	2012-07-05 21:53:45
MarkovicMircko	2020-03-18 16:48:21
DivnaErzen	2014-07-20 13:51:52
EP_Slovenija	2013-04-15 13:44:21
FliserB	2012-12-31 11:25:12
GorencIrena	2011-12-05 06:47:35
Marjan34579144	2019-09-03 09:04:08
mitjasterman	2012-11-28 11:49:00
RichieKis	2012-01-03 09:26:45
AndroID1706	2019-12-14 20:52:13
jojoangel1311	2017-03-10 15:18:34
RubenMoraster	2009-03-19 09:36:31
EnaBesna	2020-07-05 06:14:12
reform_si	2009-12-07 06:42:05
suzanagruden	2017-02-11 15:43:09
AnitaNiNikoli	2017-07-12 08:36:38
1705mm	2010-09-19 07:55:31
jure_langus	2020-08-01 11:33:21
Osa37494247	2020-09-07 07:52:23
Prisank9	2014-03-03 21:10:44
trinity126	2011-01-04 10:47:07
DamjanTomsic	2014-03-13 05:37:29
Bojan78726142	2020-07-29 14:09:34
vladohribar	2016-09-13 16:57:55
Voranc5	2020-04-14 15:05:51
slo_84	2018-11-14 14:48:13
PetraSotlar	2018-04-21 07:56:18
TvitkoRetvitko	2017-09-19 04:25:26
Stanisl15592752	2018-09-28 13:05:02
Angry_Greta	2020-01-07 15:33:45
p13892	2017-02-17 11:29:56
kaja_sumer	2019-09-18 07:57:01
aleksanderlesk3	2020-02-21 23:47:06
MihaRosa79	2017-10-05 10:05:57
ANDREJANDREJC	2014-06-05 17:45:54
slovenian_memes	2017-11-18 16:32:51
Majda_Strmol	2016-01-25 19:53:14
peterb15823940	2020-06-26 11:44:02
AlesJensterle	2015-11-14 08:51:22
preseren_f	2020-03-02 16:45:03
RupnikFranci	2017-11-24 15:18:53
krasevec10	2015-05-19 06:33:43
V4Report	2014-10-07 22:15:59
anja8_8	2018-04-05 07:51:28
on5smiles	2018-02-06 04:58:45
BStrnisa	2018-07-14 18:48:34
SdmLju	2013-12-01 22:33:02
OrbanKoloman	2012-01-31 19:49:11
Delo	2010-11-22 17:29:03
Delo_Sport	2011-11-08 15:01:44
Demokracija1	2011-09-15 11:09:32
Dissidente__	2012-01-23 17:58:42
Dnevnik_si	2009-04-29 10:53:23
DolinarA	2012-08-20 07:50:34
dragiceviccv	2020-12-02 14:38:08
DragoZagode	2020-09-04 05:29:04
PikaPokaSZ	2013-02-11 12:30:02
PlayboySi	2009-06-18 13:14:30
pojmanimam	2012-12-11 16:50:07
pomlad87	2010-08-23 08:54:35
portalf1_si	2017-12-20 14:11:48
PortalPolitikis	2011-08-30 16:36:54
PozdravTVsi	2019-01-30 10:36:28
prekmurka12	2009-05-26 12:02:58
PrimorskeNovice	2014-02-06 15:34:18
Projekt_NAPREJ	2018-02-26 12:23:06
RadioOgnjisce	2010-03-01 10:44:09
RenaultSI	2014-02-12 12:18:21
RevijaReporter	2011-09-01 15:56:07
RSSobjave	2014-05-29 13:13:32
rtvslo	2008-07-17 19:42:06
sasokoren	2011-12-02 18:59:24
SilvaTOMA2	2020-05-02 20:08:36
SladjaCvetkovi1	2017-07-29 09:08:42
SLOinAUT	2013-02-25 09:11:13
Slosurf_com	2013-03-17 00:30:27
slovenia_based	2020-09-10 14:23:39
smartcom_tech	2016-05-15 08:13:19
sonja14294024	2020-08-27 08:42:36
SpodnjePodravje	2017-03-13 10:10:40
Sport24ur	2014-12-02 12:08:17
sportniportal	2020-08-18 13:43:01
STA_novice	2011-03-17 10:25:29
tretjeoko	2011-11-27 16:43:23
tzaritza_	2019-12-30 18:20:16
univerza_rs	2015-01-19 16:52:13
Val202	2009-08-27 03:49:23
VCepic	2015-09-07 10:51:53
vecer	2007-03-28 08:13:20
Vestnik_si	2017-11-03 14:04:44
vmax_si	2019-08-09 12:32:41
vremenarJoze	2017-03-09 11:24:45
Zalozba_Eno	2009-12-07 01:02:17
zavedni	2020-08-25 15:46:04
Zdenkaoehm	2018-07-30 16:15:53
zenskaligasi	2020-01-23 12:44:57
jozikreuh	2015-11-08 11:46:01
mojcav1	2017-09-17 16:44:41
SmiljanPurger	2011-12-11 11:46:02
DrustvoHudajama	2015-11-03 20:03:12
free_RTVSLO	2012-11-11 15:47:02
askerc2	2016-06-14 23:15:28
Medeja_7	2014-03-09 18:48:58
cikibucka	2014-02-13 17:54:39
SlovenijaVsrcu	2011-08-10 05:30:53
vanjadolzan	2012-07-23 06:55:11
MilenaMilenca	2014-11-14 15:26:15
DFK01	2010-11-28 14:20:32
FranciDonko	2015-11-23 18:11:42
ErikaPlaninsec	2013-10-10 16:35:35
LottaS10	2015-12-10 10:07:34
tradicijaslo	2018-04-15 11:23:38
larisaco1	2016-03-08 15:46:20
freewiseguy	2012-06-13 09:25:08
BojanSkec	2017-06-21 20:56:48
Margu501	2014-10-03 15:58:21
DKopse	2015-07-22 13:56:36
BraneDobnikar	2020-01-14 08:28:27
m_bostjan	2016-09-14 16:23:17
spagetyuse	2014-10-22 17:27:23
cibi45	2020-03-30 05:56:02
BSrebre	2020-03-26 14:03:21
Leon48303573	2018-01-04 17:16:02
JanezMeznarec	2016-12-08 13:27:48
jocarules	2018-09-27 15:50:16
scdtwister	2014-06-29 10:30:10
HBeladona	2013-07-22 19:09:19
profesordios	2019-02-15 21:53:30
nada568352656	2015-10-24 07:21:54
Bojan__Bozic	2011-07-05 05:03:22
PSlajnar	2016-12-22 20:58:11
MlRezek	2011-11-10 10:28:00
majdkamajdka	2017-06-16 15:57:34
FRA55	2012-01-13 13:06:56
ZvoneCadez	2012-09-06 12:42:11
KogojSlavko	2012-11-08 20:51:48
LajnarEU	2017-02-24 08:25:22
Platinis2_Selma	2016-12-17 09:43:49
Andrej57134381	2018-02-17 17:57:13
vfr750f	2011-03-18 18:26:22
R_Rakus	2017-01-27 08:48:37
GorsekMitja	2020-05-09 21:40:40
KristjanSarac	2018-01-15 18:31:51
podalpski	2020-01-01 22:56:59
KARANTANEC	2011-07-30 12:09:00
alesernecl	2016-07-09 17:56:37
alenkamajsep	2014-07-14 12:26:28
RegoucJolanda	2011-12-02 13:36:24
stephenjosephsi	2014-12-12 14:01:39
Janko35349864	2016-07-03 12:55:40
MatevzNovak	2011-07-05 13:53:07
JozeBizjak	2013-10-28 17:43:40
peterleandrej	2011-12-25 10:32:38
mgajver	2016-12-19 19:25:52
SablatnikUros	2019-07-26 21:33:35
DaniloGrasic	2018-12-18 14:52:17
javniprevoz	2011-05-05 10:22:44
Skolobrinski	2014-07-16 18:26:54
PSkaluc	2014-11-26 15:54:29
sever_vital	2020-03-24 09:00:40
BernardaGrobler	2014-03-08 12:06:57
MarTin98766959	2018-01-01 21:02:39
zasledovalec70	2011-05-29 14:55:26
NeuroVirtu	2009-02-06 21:05:02
Gorjanc_	2013-01-30 13:09:32
IgorMedos	2017-11-27 06:14:39
tomltoml	2014-10-12 03:49:21
rolander51	2017-06-17 18:02:02
Rafaelusss	2012-05-09 17:01:25
Saturninka1	2019-04-08 10:57:03
KLaznik	2018-05-15 02:00:16
vladislavbajec	2017-02-15 15:57:32
all4_one4all	2019-12-04 06:04:22
ifi_genija	2013-03-18 06:02:10
povse9	2014-06-08 07:13:04
DesnicarkaM	2018-05-04 07:49:06
karfjolca	2016-02-09 09:20:09
RomanLeljak	2010-05-14 03:28:38
AlesKogoj	2020-03-23 12:02:38
adijostevi	2019-10-09 18:02:31
bla_blaz	2012-10-09 20:11:57
1radovedna	2013-10-25 15:19:37
BizjakSelma	2015-12-03 18:58:05
krajnc_martin	2020-01-21 09:28:16
BojankaStern	2018-06-07 12:58:46
ZajecBojan	2016-12-08 19:22:55
aholoujulien624	2015-08-30 04:40:26
CvetaStepanjan	2016-08-04 10:40:48
starelaze	2010-10-01 19:24:10
PKlancar	2020-04-16 20:28:58
Johantraus1	2020-06-15 08:22:28
dragica12	2011-07-19 19:45:43
DeFlasker	2011-07-09 06:14:22
jozeerce	2012-01-07 12:42:22
silikalusi	2019-11-17 09:45:24
rakjernej1	2020-05-03 05:10:39
mrevlje	2008-05-18 15:58:56
1234marjan1234	2018-06-15 17:47:41
slov1ka	2020-06-02 22:15:57
jurajurecko	2020-01-01 12:55:26
MPorenta	2018-12-17 08:47:10
Vrtowc	2016-10-26 10:15:58
anjapreglav	2011-04-07 19:58:25
Krrokarr	2010-06-25 08:45:52
RobertSifrer	2017-06-17 04:39:24
Bmk61129757	2019-10-14 15:10:17
matejvogelsang	2013-01-27 11:04:51
Max970	2009-07-19 20:03:36
Joshua86917561	2016-12-19 19:46:03
surfon	2008-07-23 10:35:20
matjazg	2008-09-12 07:02:30
ra1ZMKPyIHE4LVM	2020-04-02 03:38:04
stampiljke	2019-10-27 17:56:43
urbanijam	2011-12-11 20:05:17
MilanTravnikar	2011-12-13 14:57:10
JJoliJoli	2018-05-03 08:29:45
jabukjanezbanan	2017-09-11 13:35:58
CaCapuder	2017-04-10 20:55:57
MetkaSmole	2012-10-03 20:15:12
PerkoBenjamin	2016-12-01 10:02:29
PeterVardjan	2016-09-18 17:17:17
MStrtak	2014-06-16 18:02:19
NortzDr	2017-09-02 15:14:47
FrancHimelrajh	2016-11-20 18:32:37
qwatebriga	2014-03-04 20:09:04
zaslovenijo2	2015-06-03 20:50:46
laurakriznik	2014-02-14 10:38:11
MiroGec65	2018-09-28 13:41:08
Ale90345415	2019-04-27 06:29:20
katnissdin	2018-07-25 10:12:38
cesenj	2011-11-01 16:55:24
ANJABAHZIBERT	2011-10-11 15:11:58
EnaKranjica	2013-02-27 11:50:00
KatarinaUrankar	2016-09-26 09:09:13
gorska_koza	2018-10-10 13:49:50
mihakrek	2017-10-14 16:40:30
bojc25	2013-03-14 19:41:54
RadinSilvano	2014-06-22 15:43:30
petra_jansa	2012-03-06 11:59:49
PBohinc	2011-11-10 23:30:45
Pelikanftic	2014-07-03 18:25:20
MuriMursic	2014-02-03 16:51:48
Fantomski	2009-05-10 14:10:00
tulipanka18	2014-06-10 17:22:46
VerdenikAles	2018-08-07 08:17:11
PridnaP	2019-01-23 16:39:34
Matevz007	2017-06-27 17:43:47
ToneCricket	2020-01-27 16:21:10
marjanpodlogar	2013-03-19 10:40:13
DruzeticIva	2019-01-08 19:14:47
FerdoCrni	2010-09-30 09:29:47
KingKob53313520	2020-03-25 23:07:29
MarcEugen	2020-02-23 12:38:35
lenartbarat	2013-10-24 15:18:22
wildduckMb	2012-02-27 14:31:13
NEjansizmu	2015-02-15 13:52:55
SabrinaStrnisa	2014-05-29 10:10:44
MajaBentura	2018-02-20 12:18:15
MTurjan	2014-06-26 19:37:54
seba_stjan	2015-12-14 19:29:38
hrejzi	2018-10-17 16:17:31
Oberxtweet	2013-10-28 20:47:51
mesojedc	2014-10-23 10:07:56
jan_gerben	2017-01-12 10:44:19
GK_SLO_EU	2018-11-15 23:25:48
FlorijanKopac	2014-06-20 12:38:03
1nekorektna	2015-10-11 18:34:33
lbna69	2014-01-23 21:22:14
SPusnar	2017-01-20 14:24:20
DidiGator321	2015-02-17 21:30:47
TZdenko	2014-12-21 10:31:01
Zaki83518840	2020-03-24 18:30:53
bojansimm	2009-04-15 08:47:46
OM12934256	2019-08-29 13:22:42
AntonPeinkiher	2011-11-13 05:37:33
BalanticMatjaz	2020-06-13 17:31:36
GoranBracic	2018-04-04 17:47:10
andri211985	2013-05-26 03:11:21
ena_sonia	2011-07-23 09:28:38
AleksandraUkmar	2020-03-16 13:37:25
ninalogar4	2017-10-14 15:05:02
JstDu	2019-10-31 18:57:32
lapajne_milan	2020-03-27 12:45:59
PD1969	2014-07-31 11:07:32
VojeNotFake	2018-06-21 15:45:13
dujeSantiago	2015-03-07 07:58:45
Elektro_Maribor	2013-04-16 12:57:52
finance_si	2009-01-16 14:10:37
ginger_ranger	2010-06-25 16:06:53
GnesNovice	2016-08-05 08:44:52
govorise	2008-08-14 09:43:18
grcar12	2012-03-03 21:24:46
igorc73	2016-08-04 04:49:56
iks_tweet	2019-08-31 14:45:41
insajder_com	2016-11-01 20:33:55
IvoFridolin	2009-11-20 09:25:53
iztokgartner	2013-04-02 10:30:53
JanaBajzelj	2013-10-11 11:25:58
JanosPap1	2013-01-01 17:47:56
Jazzersky	2009-09-18 18:27:24
JernejVlasic	2012-10-26 19:40:12
JNchimera	2011-06-19 22:07:33
juni_junij	2020-07-01 18:36:19
KatjaEm	2014-06-25 12:07:22
KenRut0	2015-11-25 11:43:59
kingkongteater	2017-01-16 06:21:08
KKCedOL	2011-07-19 22:42:35
Kl3p3r	2010-09-24 20:39:21
kleopatka74	2017-09-12 17:57:07
KnjiznicaM	2018-07-18 14:55:11
kompl33kator	2009-04-22 18:33:02
Konzervativec1	2020-09-03 18:55:07
lafemmenikittaa	2019-05-02 14:37:58
LIBRARYofMK	2016-06-04 08:27:33
maenes	2009-04-23 05:40:35
majamajab	2009-07-20 22:38:30
MajkaNaZmejovi	2012-08-11 12:05:34
marcostavaresMT	2018-11-12 13:05:03
MargonTim	2020-08-30 18:44:42
masivnidebo	2020-07-28 01:18:57
mojOGLAS	2009-07-18 22:18:54
NikaRecords	2015-11-17 13:24:01
nikoll9608	2015-11-26 10:28:39
NKCelje	2012-06-07 15:36:22
NkRoltekDob	2013-11-09 10:03:49
Nova24TV	2015-06-12 08:15:23
NoVa_Proga	2013-03-19 07:33:08
ocvirkova_t	2011-06-22 16:15:02
odnekdaj1	2018-06-20 18:57:14
ogburaz	2020-05-19 09:02:51
Osa37494247	2020-09-07 07:52:23
petardinjo4040	2018-08-15 06:29:51
Peterpa93658709	2019-05-28 08:18:20
MihaLjubljana	2020-02-02 13:41:22
tik_lev	2019-06-15 11:38:10
lukecc1982	2014-10-14 20:18:28
albert_skvarca	2020-05-28 15:04:38
MajdaMa68397788	2017-02-02 17:50:28
JanezK40	2011-12-12 20:03:27
kocicat	2010-12-28 17:47:16
slavkoarh8	2012-12-03 23:03:46
Angela24547982	2020-01-25 16:25:32
MilanPILER2	2017-12-19 16:28:33
MellorsBaskovic	2014-02-02 19:02:25
Jahton	2011-08-24 11:03:40
mesecb	2011-10-11 10:00:57
JozeJos	2011-12-04 14:55:27
mimika788	2016-09-17 20:19:33
LovroStanovnik	2018-08-31 11:25:22
Metod39412552	2019-04-22 11:19:39
Osebnihoroskop	2016-12-16 14:34:53
tolemamo	2018-08-31 13:02:33
madmslo	2014-06-19 19:30:25
MarkoSket	2012-12-05 16:52:27
cernigoj_andrej	2009-03-17 17:52:01
GrudenD	2019-04-18 20:10:22
freud1107	2009-01-17 10:37:02
SDS_Ljubljana	2013-11-24 15:40:00
danilo3been	2018-02-08 03:26:35
slavc7	2018-05-25 07:50:30
JJansaSDS	2011-02-28 17:10:49
tatjanamiku	2012-12-19 10:32:10
JForsek	2018-02-16 15:58:14
JSPcom	2009-06-09 08:35:03
klavdijm	2014-03-08 17:59:11
zoranbozic5	2015-12-06 16:47:03
wolfG1985	2012-07-09 18:08:02
yronladi	2014-06-11 20:02:53
AugustinIrena	2020-05-11 09:47:27
SilvaBrodar	2020-03-18 18:42:57
androkomo	2017-10-14 14:56:26
za1svlo	2019-04-12 11:03:02
ZAnzelc	2015-05-06 22:19:57
BORIS67601084	2012-04-25 10:37:41
Dartanjan2	2019-05-02 11:02:12
metka2014	2014-11-24 09:43:13
WildPig12	2019-12-10 18:27:31
LjubicaLjuba1	2019-05-01 17:30:24
BPrahor	2017-11-13 08:13:52
ATBeatris	2015-01-16 13:09:35
Brane49S	2011-08-12 20:55:01
strankaNLS	2014-11-28 11:08:13
silvomalek	2017-02-28 14:12:25
valentanseb	2018-04-19 10:19:56