24ur_com	2019-10-01 06:15:27	2020-06-21 23:18:01
aacemace	2019-12-23 18:40:22	2015-08-29 03:12:05
ajezersek	2019-11-26 20:58:40	2019-11-23 19:22:46
andrejamarkoja	2020-03-26 16:22:38	2020-09-04 14:05:13
avathomas20	2020-02-28 08:00:28	2018-03-23 00:04:32
avtomagazinsi	2019-10-01 11:30:21	2020-05-09 23:36:47
backo007	2019-12-07 13:22:36	2019-10-19 20:21:31
bicikelcom	2019-10-03 08:38:17	2019-10-02 16:11:33
blatusi	2019-10-03 21:46:47	2019-10-06 23:26:49
blazumek	2019-10-03 17:48:40	2019-10-24 21:17:57
borutk9191	2019-10-02 09:01:05	2019-10-09 15:45:17
branem	2019-10-03 20:15:34	2019-10-20 18:14:15
civkaci66	2020-09-09 16:35:57	2020-09-09 17:27:42
cosmopolitansi		
dbbonjovi	2019-10-02 14:58:35	2019-09-27 17:30:51
dejansarka	2019-10-01 10:40:55	2019-08-29 02:59:09
delo	2019-10-01 06:00:00	2020-11-18 19:52:49
delo_sport	2019-10-09 07:32:58	2020-02-18 06:26:37
demokracija1	2019-10-01 09:13:04	2019-01-15 14:12:11
dissidente__	2019-10-01 00:00:11	2014-03-20 13:03:37
dnevnelazi		
dnevnik_si	2019-10-01 07:52:28	2020-08-29 08:20:00
dolinara	2020-09-14 12:17:53	2019-11-20 00:30:23
dragiceviccv		
dragozagode	2020-09-04 11:53:51	2020-12-14 10:30:52
dujesantiago	2019-10-01 07:00:48	2019-12-14 09:29:32
elektro_maribor	2019-10-01 08:28:44	2019-10-15 08:00:36
finance_si	2019-10-01 08:31:46	2020-06-18 13:31:19
ginger_ranger	2019-10-01 14:36:24	2019-10-06 15:45:53
gnesnovice		
govorise	2019-10-01 07:15:36	2020-08-27 12:33:04
grcar12	2019-10-02 09:00:35	2019-10-04 10:43:16
igorc73	2019-10-19 07:42:46	2019-10-23 06:42:15
iks_tweet	2019-10-05 17:08:02	2019-10-05 16:57:42
insajder_com	2019-10-01 10:30:48	2020-08-23 14:16:33
ivofridolin	2019-10-01 14:23:28	2016-02-16 15:20:56
iztokgartner	2020-02-22 20:18:10	2016-06-20 22:00:12
janabajzelj	2019-10-17 06:44:25	2019-11-22 21:41:31
janospap1		
jartierka		
jazzersky	2019-10-07 17:14:33	2019-11-10 13:53:37
jernejvlasic	2019-11-06 16:45:35	2019-11-23 11:49:12
jnchimera	2020-03-27 12:28:53	2020-04-03 17:31:04
juni_junij	2020-07-01 21:15:58	2012-07-26 16:11:59
katjaem	2020-01-22 19:36:20	2020-01-27 17:12:47
kenrut0	2019-10-07 17:54:27	2019-10-04 12:26:48
kingkongteater		
kkcedol	2019-10-01 09:00:00	2019-10-19 17:51:15
kl3p3r	2019-10-05 15:27:59	2019-10-31 17:37:16
kleopatka74	2019-10-02 07:28:19	2019-10-31 20:21:55
knjiznicam	2019-10-01 14:57:21	2019-10-02 10:59:00
kompl33kator	2019-10-01 12:01:15	2019-05-31 08:09:44
konzervativec1	2020-09-08 14:20:11	2020-09-09 08:29:38
krizarsds		
kzs_rezultati		
lafemmenikittaa	2020-01-19 21:14:32	2016-01-27 14:51:27
libraryofmk	2019-10-06 13:02:38	2019-09-30 09:37:44
maenes	2019-10-12 16:41:22	2019-10-03 17:01:59
majamajab	2019-10-18 11:50:04	2019-10-13 09:18:54
majkanazmejovi	2019-10-01 09:48:54	2019-08-29 15:44:09
marcostavaresmt	2019-10-11 13:10:26	2019-10-01 11:56:09
margontim	2020-08-31 07:42:44	2020-09-02 18:32:59
masivnidebo	2020-07-28 03:21:51	2018-08-12 13:25:35
mija137		
mojoglas		
nikarecords	2019-10-01 11:06:11	2020-09-20 20:10:29
nikoll9608	2020-04-01 17:57:32	2020-10-17 20:20:15
nikomijatovic		
nkcelje	2019-10-01 09:14:05	2020-04-17 12:42:52
nkroltekdob	2019-10-05 08:57:28	2020-02-21 16:42:40
nova24tv	2019-10-01 07:30:56	2020-10-10 09:43:16
nova_proga	2019-11-07 10:46:33	2020-03-15 12:58:07
ocvirkova_t	2020-03-23 09:28:58	2020-03-23 20:06:42
odnekdaj1	2019-10-20 08:53:19	2019-10-22 07:19:20
of_fore		
ogburaz	2020-05-25 12:57:06	2020-08-26 23:13:24
osa37494247	2020-09-08 08:05:03	2020-10-15 16:30:38
petardinjo4040	2019-10-16 22:23:22	2020-03-30 23:29:31
peterpa93658709		
pikapokasz	2019-10-01 06:51:56	2019-10-23 09:49:36
playboysi	2019-10-10 14:30:53	2020-02-22 07:47:05
pojmanimam	2019-10-08 06:50:04	2019-11-25 15:08:12
pomlad87	2020-03-03 20:35:26	2020-03-15 10:01:01
portalf1_si	2019-10-01 00:13:18	2020-07-18 10:04:11
portalpolitikis	2019-10-01 06:49:27	2016-05-17 21:00:30
pozdravtvsi		
prekmurka12	2019-10-03 12:22:24	2020-10-21 08:23:29
primorskenovice	2019-10-01 07:15:13	2020-09-01 08:40:23
projekt_naprej		
radioognjisce	2019-10-01 09:03:51	2019-10-02 07:34:26
renaultsi	2019-10-01 08:33:39	2019-10-06 14:08:29
revijareporter	2019-10-01 07:09:55	2020-08-10 15:41:41
rssobjave		
rtvslo	2019-10-01 06:25:48	2020-10-07 15:26:14
sasaradivoj34		
sasokoren	2019-10-01 08:01:34	2019-07-01 14:37:25
silvatoma2		
sladjacvetkovi1	2019-12-05 05:01:54	2016-11-13 01:45:16
sloinaut	2019-10-01 19:02:18	2019-09-15 22:43:57
slosurf_com		
slovenia_based	2020-09-10 16:35:36	2020-09-09 09:44:12
smartcom_tech		
sonja14294024		
spodnjepodravje		
sport24ur		
sportniportal		
sta_novice	2019-10-01 06:20:01	2020-12-01 15:59:10
tretjeoko	2019-10-02 19:58:33	2020-10-06 18:18:31
tzaritza_	2020-06-24 07:58:59	2012-01-07 00:18:28
univerza_rs	2020-09-07 09:56:46	2020-09-13 18:14:29
val202	2019-10-01 06:24:20	2020-09-07 18:00:57
vcepic	2019-10-07 23:31:50	2019-09-30 04:51:17
vecer	2019-10-01 07:14:53	2020-11-21 20:39:48
vestnik_si		
vmax_si	2019-10-01 08:41:24	2020-11-23 09:01:10
vremenarjoze		
zalozba_eno	2020-02-23 21:30:44	2020-03-02 19:10:30
zavedni	2020-08-25 17:55:36	2020-07-08 21:39:02
zdenkaoehm	2020-06-01 14:12:42	2020-06-01 09:04:20
zenskaligasi		
