24ur_com	2019-12-31 07:38:40	2020-06-21 23:18:01
aacemace	2020-01-01 17:17:10	2020-03-23 16:50:11
ajezersek	2020-01-04 22:11:49	2019-12-31 06:33:14
andrejamarkoja	2020-03-26 16:22:38	2020-09-04 14:05:13
avathomas20	2020-02-28 08:00:28	2019-12-31 06:55:50
avtomagazinsi	2019-12-31 16:30:25	2020-05-09 23:36:47
backo007	2020-01-27 07:49:16	2019-12-30 05:56:05
bicikelcom	2020-01-08 09:39:17	2020-01-27 17:42:39
blatusi	2020-01-01 11:16:34	2020-01-10 16:34:37
blazumek	2020-01-13 14:50:20	2020-01-30 19:07:47
borutk9191	2020-01-01 12:02:37	2020-01-13 11:11:03
branem	2020-01-01 15:44:01	2020-01-18 07:13:40
civkaci66	2020-09-09 16:35:57	2020-09-09 17:27:42
cosmopolitansi	2019-12-31 07:00:35	
dbbonjovi	2020-01-01 22:00:10	2020-01-17 17:36:30
dejansarka	2019-12-31 20:20:58	2020-01-11 14:20:08
delo	2019-12-31 06:00:00	2020-11-30 10:04:41
delo_sport	2020-02-17 14:22:09	2020-02-18 10:24:41
demokracija1	2019-12-31 08:23:34	2020-10-16 22:18:41
dissidente__	2019-12-31 02:21:50	2020-10-25 09:06:06
dnevnelazi		
dnevnik_si	2019-12-31 08:50:36	2020-09-05 20:30:21
dolinara	2020-09-14 12:17:53	2020-11-01 01:35:40
dragiceviccv		
dragozagode	2020-09-04 11:53:51	2020-12-17 08:34:26
dujesantiago	2019-12-31 10:32:31	2020-01-25 20:37:43
elektro_maribor	2020-01-06 13:42:31	
finance_si	2019-12-31 10:43:41	2020-06-30 10:43:11
ginger_ranger	2020-01-01 16:31:42	2020-01-05 20:14:22
gnesnovice	2020-08-23 12:44:42	
govorise	2019-12-31 07:15:49	
grcar12	2020-01-20 17:50:12	2020-01-01 22:11:47
igorc73	2020-01-06 19:35:10	2020-02-01 16:24:08
iks_tweet	2020-01-11 19:18:02	2020-08-24 02:06:37
insajder_com	2019-12-31 09:22:38	2020-08-23 14:16:33
ivofridolin	2020-01-01 16:48:23	2020-02-11 16:34:23
iztokgartner	2020-02-23 00:37:22	2020-02-23 11:43:20
janabajzelj	2020-11-20 14:15:22	2020-01-08 15:16:36
janospap1	2020-01-21 20:17:01	
jartierka		
jazzersky	2020-01-02 09:51:22	2020-01-28 14:49:48
jernejvlasic	2020-01-30 19:32:30	2020-04-11 14:13:29
jnchimera	2020-03-27 12:28:53	2020-04-03 17:31:04
juni_junij	2020-07-01 21:15:58	2016-06-21 02:52:20
katjaem	2020-01-22 19:36:20	2020-01-27 17:12:47
kenrut0	2020-01-17 21:44:14	2020-06-22 22:16:19
kingkongteater	2020-09-12 18:18:01	
kkcedol	2019-12-31 10:11:42	2020-01-03 10:30:00
kl3p3r	2019-12-31 15:25:35	2019-12-31 15:17:04
kleopatka74	2019-12-31 10:25:12	2020-01-03 19:49:15
knjiznicam	2020-01-03 14:23:58	2020-08-09 11:20:19
kompl33kator	2020-01-03 11:37:14	2019-05-31 08:09:44
konzervativec1	2020-09-08 14:20:11	2020-09-09 08:29:38
krizarsds		
kzs_rezultati		
lafemmenikittaa		
libraryofmk	2019-12-31 16:27:02	2020-03-07 10:05:18
maenes	2020-02-16 19:10:54	2019-12-31 11:20:20
majamajab	2020-01-22 13:31:35	2020-05-05 11:05:59
majkanazmejovi	2019-12-31 09:41:55	2020-06-12 17:13:38
marcostavaresmt	2020-01-02 21:05:16	2020-01-13 15:47:04
margontim	2020-08-31 07:42:44	2020-09-02 18:32:59
masivnidebo	2020-07-28 03:21:51	2020-07-23 13:51:29
mija137		
mojoglas	2019-12-31 00:06:03	
nikarecords	2020-01-09 09:21:31	2020-09-20 20:10:29
nikoll9608		
nikomijatovic		
nkcelje	2019-12-31 13:32:55	2020-04-17 12:42:52
nkroltekdob	2020-01-07 10:16:39	2020-02-21 16:42:40
nova24tv	2019-12-31 07:50:51	2020-10-21 08:03:18
nova_proga	2020-01-10 09:47:58	2020-03-15 12:58:07
ocvirkova_t	2020-03-23 09:28:58	2020-03-23 20:24:18
odnekdaj1	2020-01-02 10:59:10	2020-01-20 01:48:41
of_fore		
ogburaz	2020-05-25 12:57:06	2020-08-26 23:13:24
osa37494247	2020-09-08 08:05:03	2020-10-15 16:30:38
petardinjo4040	2020-02-06 22:05:24	2020-03-30 23:29:31
peterpa93658709		2020-08-13 19:19:23
pikapokasz	2020-01-17 13:53:33	2020-03-01 03:00:00
playboysi	2020-01-02 12:00:41	2020-02-26 13:55:29
pojmanimam	2020-01-08 21:01:40	2020-09-10 17:20:16
pomlad87	2020-03-03 20:35:26	2020-03-15 10:01:01
portalf1_si	2019-12-31 00:08:20	2020-07-18 13:51:57
portalpolitikis	2019-12-31 08:22:12	2020-08-02 17:30:04
pozdravtvsi	2020-01-29 10:41:10	
prekmurka12	2019-12-31 12:28:13	2020-10-21 08:23:29
primorskenovice	2019-12-31 07:17:58	2020-09-01 08:40:23
projekt_naprej	2019-12-31 13:03:54	
radioognjisce	2019-12-31 08:08:18	2019-12-31 07:59:55
renaultsi	2020-01-02 13:20:00	2020-01-08 19:29:13
revijareporter	2019-12-31 08:04:29	2020-08-23 19:52:12
rssobjave	2019-12-31 13:16:06	
rtvslo	2019-12-31 06:54:04	2020-10-20 08:11:07
sasaradivoj34		
sasokoren	2020-01-05 10:13:26	2020-08-20 19:58:47
silvatoma2	2020-05-14 22:49:53	
sladjacvetkovi1	2019-12-31 08:02:53	2020-11-11 20:57:30
sloinaut	2020-01-07 10:10:08	2020-01-07 16:16:52
slosurf_com	2019-12-31 19:19:04	
slovenia_based	2020-09-10 16:35:36	2020-09-09 12:20:58
smartcom_tech	2020-01-07 10:08:24	
sonja14294024	2020-08-27 10:48:34	
spodnjepodravje	2019-12-31 12:17:30	
sport24ur	2019-12-31 06:18:51	
sportniportal	2020-08-22 20:24:32	
sta_novice	2019-12-31 06:20:05	2020-12-08 15:07:24
tretjeoko	2019-12-31 17:02:04	2020-10-13 19:34:21
tzaritza_	2020-06-24 07:58:59	2020-10-26 22:10:12
univerza_rs	2020-09-07 09:56:46	2020-09-13 18:14:29
val202	2019-12-31 08:06:58	2020-09-19 13:16:18
vcepic	2019-12-31 18:26:52	2020-01-06 10:59:15
vecer	2019-12-31 07:13:22	2020-12-01 16:33:47
vestnik_si	2019-12-31 06:51:00	
vmax_si	2019-12-31 08:45:36	2020-11-24 09:00:00
vremenarjoze	2020-07-26 06:30:31	
zalozba_eno	2020-02-23 21:30:44	2020-03-02 19:10:30
zavedni	2020-08-25 17:55:36	2020-09-03 07:05:36
zdenkaoehm	2020-06-01 14:12:42	2020-06-01 09:04:20
zenskaligasi	2020-01-26 21:25:46	
