desnicarkam	2019-12-31 08:46:05	2020-04-26 12:03:15
karolinasemjaz	2020-01-06 10:01:46	2019-12-30 19:08:34
radovedna		
bostjanseruga	2020-01-21 21:34:49	2020-02-21 11:26:55
evaresnik	2020-05-17 16:09:35	2020-05-18 20:35:17
hanavrabec	2020-01-03 15:31:58	2020-05-09 19:15:19
jan_gerben	2020-01-03 19:14:58	2020-01-06 21:16:12
janez_novak	2020-01-10 15:03:39	2020-06-05 21:50:54
janezr2	2020-06-30 23:44:07	2020-07-07 18:18:59
japelj62962	2020-05-15 13:08:30	2020-05-20 14:15:00
jern3j	2020-03-21 13:16:14	2020-03-22 15:55:36
jurebregar	2019-12-31 09:24:07	2020-10-13 15:26:10
jurzesky	2020-01-05 21:42:54	2020-01-03 21:56:22
kalofat	2019-12-31 12:33:12	2019-12-31 08:03:50
katarinamlakar		
krek_janja	2020-02-05 20:58:12	2020-01-04 18:41:30
lenaradczik	2020-06-03 12:11:43	2020-06-03 10:55:50
lublanacee	2020-01-01 18:59:48	2019-12-28 22:21:53
luka_bizjak	2019-12-31 17:39:08	2020-03-23 17:43:26
majdakravanja	2020-02-03 21:30:57	2020-02-03 19:09:49
matevz007	2019-12-31 09:55:05	2020-03-07 13:11:31
medenakimi	2020-04-30 21:47:22	2020-04-30 21:19:11
ninalogar4	2020-01-07 11:26:20	2020-01-07 11:30:28
ostanekatarina	2020-01-27 22:18:55	2020-01-07 11:30:28
punca9		
pusnikferdinand	2020-01-23 01:59:36	2020-10-05 19:54:11
